<?xml version='1.0' encoding='UTF-8' standalone='yes'?>
<mast version="5.2.0" release="Wed Oct 14 12:02:54 2020 -0700">
	<command_line><arg>mast</arg><arg>-oc</arg><arg>.</arg><arg>-nostatus</arg><arg>-minseqs</arg><arg>1</arg><arg>-ev</arg><arg>10.0</arg><arg>/Volumes/scratch/brownlab/saadlee/acr_regulator_analysis/fimo_comparison/motif_Aca7.txt</arg><arg>/Volumes/scratch/brownlab/saadlee/acr_regulator_analysis/tblastn_aca_files/Plasmid_tblastn/Aca7_plasmid_promoter.fna</arg></command_line>
	<settings strand_handling="combine" max_correlation="0.60" remove_correlated="n" max_seq_evalue="10" adjust_hit="n" max_hit_pvalue="0.0001" max_weak_pvalue="0.0001"/>
	<alphabet name="DNA" like="dna">
		<letter id="A" symbol="A" complement="T" name="Adenine" colour="CC0000"/>
		<letter id="C" symbol="C" complement="G" name="Cytosine" colour="0000CC"/>
		<letter id="G" symbol="G" complement="C" name="Guanine" colour="FFB300"/>
		<letter id="T" symbol="T" aliases="U" complement="A" name="Thymine" colour="008000"/>
		<letter id="N" symbol="N" aliases="X." equals="ACGT" name="Any base"/>
		<letter id="V" symbol="V" equals="ACG" name="Not T"/>
		<letter id="H" symbol="H" equals="ACT" name="Not G"/>
		<letter id="D" symbol="D" equals="AGT" name="Not C"/>
		<letter id="B" symbol="B" equals="CGT" name="Not A"/>
		<letter id="M" symbol="M" equals="AC" name="Amino"/>
		<letter id="R" symbol="R" equals="AG" name="Purine"/>
		<letter id="W" symbol="W" equals="AT" name="Weak"/>
		<letter id="S" symbol="S" equals="CG" name="Strong"/>
		<letter id="Y" symbol="Y" equals="CT" name="Pyrimidine"/>
		<letter id="K" symbol="K" equals="GT" name="Keto"/>
	</alphabet>
	<background source="--nrdb--" A="0.274262" C="0.22521" G="0.22521" T="0.274262"/>
	<motif_dbs>
		<motif_db source="/Volumes/scratch/brownlab/saadlee/acr_regulator_analysis/fimo_comparison/motif_Aca7.txt" last_mod_date="Wed Oct 28 23:07:50 2020">
			<background A="0.208" C="0.292" G="0.292" T="0.208"/>
		</motif_db>
	</motif_dbs>
	<motifs>
		<motif db="0" id="Aca7" length="25" nsites="3" evalue="2.6e-005">
			<pos A="-823" C="-823" G="-823" T="230"/>
			<pos A="-823" C="-823" G="-823" T="230"/>
			<pos A="-823" C="-823" G="176" T="-823"/>
			<pos A="164" C="20" G="-823" T="-823"/>
			<pos A="164" C="20" G="-823" T="-823"/>
			<pos A="223" C="-823" G="-823" T="-823"/>
			<pos A="-823" C="-823" G="-823" T="230"/>
			<pos A="-823" C="-823" G="176" T="-823"/>
			<pos A="164" C="-823" G="18" T="-823"/>
			<pos A="64" C="-823" G="-823" T="172"/>
			<pos A="223" C="-823" G="-823" T="-823"/>
			<pos A="223" C="-823" G="-823" T="-823"/>
			<pos A="-823" C="179" G="-823" T="-823"/>
			<pos A="-823" C="-823" G="-823" T="230"/>
			<pos A="64" C="120" G="-823" T="-823"/>
			<pos A="223" C="-823" G="-823" T="-823"/>
			<pos A="-823" C="-823" G="176" T="-823"/>
			<pos A="-823" C="-823" G="-823" T="230"/>
			<pos A="-823" C="-823" G="-823" T="230"/>
			<pos A="164" C="-823" G="-823" T="72"/>
			<pos A="-823" C="20" G="-823" T="172"/>
			<pos A="-823" C="179" G="-823" T="-823"/>
			<pos A="164" C="-823" G="18" T="-823"/>
			<pos A="-823" C="-823" G="-823" T="230"/>
			<pos A="223" C="-823" G="-823" T="-823"/>
		</motif>
	</motifs>
	<correlations>
	</correlations>
	<sequence_dbs>
		<sequence_db source="/Volumes/scratch/brownlab/saadlee/acr_regulator_analysis/tblastn_aca_files/Plasmid_tblastn/Aca7_plasmid_promoter.fna" last_mod_date="Thu Nov  5 23:05:19 2020" seq_count="8" residue_count="3200"/>
	</sequence_dbs>
	<sequences>
		<sequence db="0" name="SEQ_13_3|baPOG_14992|VOG7253|Aca7_WP_114485237.1" comment="" length="400">
			<score strand="both" combined_pvalue="2.81e-01" evalue="2.3"/>
		</sequence>
		<sequence db="0" name="SEQ_12_2|Aca7_WP_114485237.1" comment="" length="400">
			<score strand="both" combined_pvalue="4.75e-01" evalue="3.8"/>
		</sequence>
		<sequence db="0" name="SEQ_9_3|hypothetical_protein|Aca7_WP_114485237.1|hypothetical_protein" comment="" length="400">
			<score strand="both" combined_pvalue="7.69e-01" evalue="6.2"/>
		</sequence>
		<sequence db="0" name="SEQ_11_2|hypothetical_protein|Aca7_WP_114485237.1" comment="" length="400">
			<score strand="both" combined_pvalue="9.19e-01" evalue="7.3"/>
		</sequence>
		<sequence db="0" name="SEQ_1_3|hypothetical_protein|hypothetical_protein|Aca7_WP_114485237.1|hypothetical_protein|hypothetical_protein|hypothetical_protein" comment="" length="400">
			<score strand="both" combined_pvalue="9.55e-01" evalue="7.6"/>
		</sequence>
		<sequence db="0" name="SEQ_10_2|hypothetical_protein|VOG9482|Aca7_WP_114485237.1|Protein_of_unknown_function_(DUF2493)|hypothetical_protein|hypothetical_protein|Q9QXN3" comment="" length="400">
			<score strand="both" combined_pvalue="9.99e-01" evalue="8"/>
		</sequence>
		<sequence db="0" name="SEQ_2_4|Aca7_WP_114485237.1|hypothetical_protein|hypothetical_protein" comment="" length="400">
			<score strand="both" combined_pvalue="1.00e+00" evalue="8"/>
		</sequence>
		<sequence db="0" name="SEQ_8_2|Aca7_WP_114485237.1|hypothetical_protein|hypothetical_protein" comment="" length="400">
			<score strand="both" combined_pvalue="1.00e+00" evalue="8"/>
		</sequence>
	</sequences>
	<runtime host="biochemcompute.otago.ac.nz" when="Fri Nov  6 00:49:42 2020" cycles="2951" seconds="0.003"/>
</mast>
