<?xml version='1.0' encoding='UTF-8' standalone='yes'?>
<mast version="5.2.0" release="Wed Oct 14 12:02:54 2020 -0700">
	<command_line><arg>mast</arg><arg>-oc</arg><arg>.</arg><arg>-nostatus</arg><arg>-minseqs</arg><arg>1</arg><arg>-ev</arg><arg>10.0</arg><arg>/Volumes/scratch/brownlab/saadlee/acr_regulator_analysis/fimo_comparison/motif_Aca3.txt</arg><arg>/Volumes/scratch/brownlab/saadlee/acr_regulator_analysis/tblastn_aca_files/Plasmid_tblastn/Aca3_plasmid_promoter.fna</arg></command_line>
	<settings strand_handling="combine" max_correlation="0.60" remove_correlated="n" max_seq_evalue="10" adjust_hit="n" max_hit_pvalue="0.0001" max_weak_pvalue="0.0001"/>
	<alphabet name="DNA" like="dna">
		<letter id="A" symbol="A" complement="T" name="Adenine" colour="CC0000"/>
		<letter id="C" symbol="C" complement="G" name="Cytosine" colour="0000CC"/>
		<letter id="G" symbol="G" complement="C" name="Guanine" colour="FFB300"/>
		<letter id="T" symbol="T" aliases="U" complement="A" name="Thymine" colour="008000"/>
		<letter id="N" symbol="N" aliases="X." equals="ACGT" name="Any base"/>
		<letter id="V" symbol="V" equals="ACG" name="Not T"/>
		<letter id="H" symbol="H" equals="ACT" name="Not G"/>
		<letter id="D" symbol="D" equals="AGT" name="Not C"/>
		<letter id="B" symbol="B" equals="CGT" name="Not A"/>
		<letter id="M" symbol="M" equals="AC" name="Amino"/>
		<letter id="R" symbol="R" equals="AG" name="Purine"/>
		<letter id="W" symbol="W" equals="AT" name="Weak"/>
		<letter id="S" symbol="S" equals="CG" name="Strong"/>
		<letter id="Y" symbol="Y" equals="CT" name="Pyrimidine"/>
		<letter id="K" symbol="K" equals="GT" name="Keto"/>
	</alphabet>
	<background source="--nrdb--" A="0.274262" C="0.22521" G="0.22521" T="0.274262"/>
	<motif_dbs>
		<motif_db source="/Volumes/scratch/brownlab/saadlee/acr_regulator_analysis/fimo_comparison/motif_Aca3.txt" last_mod_date="Fri Nov  6 00:24:36 2020">
			<background A="0.3115" C="0.1885" G="0.1885" T="0.3115"/>
		</motif_db>
	</motif_dbs>
	<motifs>
		<motif db="0" id="Aca3" length="25" nsites="20" evalue="3.6e-078">
			<pos A="-17" C="-189" G="-1097" T="119"/>
			<pos A="-1097" C="-1097" G="187" T="7"/>
			<pos A="-1097" C="191" G="65" T="-1097"/>
			<pos A="-1097" C="-1097" G="-1097" T="181"/>
			<pos A="-17" C="-1097" G="65" T="49"/>
			<pos A="-1097" C="169" G="107" T="-1097"/>
			<pos A="-17" C="-1097" G="-1097" T="130"/>
			<pos A="-17" C="-1097" G="187" T="-1097"/>
			<pos A="156" C="-1097" G="-1097" T="-1097"/>
			<pos A="-17" C="-1097" G="-1097" T="130"/>
			<pos A="156" C="-1097" G="-1097" T="-1097"/>
			<pos A="83" C="111" G="-1097" T="-1097"/>
			<pos A="156" C="-1097" G="-1097" T="-1097"/>
			<pos A="-1097" C="-1097" G="65" T="130"/>
			<pos A="-17" C="191" G="-1097" T="-1097"/>
			<pos A="156" C="-1097" G="-1097" T="-1097"/>
			<pos A="-1097" C="69" G="-1097" T="130"/>
			<pos A="83" C="-1097" G="-1097" T="49"/>
			<pos A="-1097" C="-1097" G="-1097" T="181"/>
			<pos A="56" C="-1097" G="-1097" T="81"/>
			<pos A="-76" C="-1097" G="65" T="81"/>
			<pos A="-1097" C="-1097" G="-1097" T="181"/>
			<pos A="-1097" C="-1097" G="239" T="-1097"/>
			<pos A="105" C="69" G="-1097" T="-1097"/>
			<pos A="83" C="-1097" G="-1097" T="49"/>
		</motif>
	</motifs>
	<correlations>
	</correlations>
	<sequence_dbs>
		<sequence_db source="/Volumes/scratch/brownlab/saadlee/acr_regulator_analysis/tblastn_aca_files/Plasmid_tblastn/Aca3_plasmid_promoter.fna" last_mod_date="Thu Nov  5 22:47:27 2020" seq_count="1" residue_count="400"/>
	</sequence_dbs>
	<sequences>
		<sequence db="0" name="SEQ_5_2|hypothetical_protein|Aca3_WP_118804084.1" comment="" length="400">
			<score strand="both" combined_pvalue="4.96e-01" evalue="0.5"/>
		</sequence>
	</sequences>
	<runtime host="biochemcompute.otago.ac.nz" when="Fri Nov  6 00:26:23 2020" cycles="3221" seconds="0.003"/>
</mast>
