Query_ID	Target_ID	Optimal_offset	p-value	E-value	q-value	Overlap	Query_consensus	Target_consensus	Orientation
Aca10	EXPREG_000013d0	3	0.00852639	0.716217	0.716217	16	AAATACGCTCATTGAGCGTAT	GATAATGATTATCATTTAG	+
Aca1	EXPREG_000008b0	-1	0.00318757	0.267756	0.123017	23	TGAGGAACATTGTTCCTATTTTAT	AATGAGAATTATTATCATTTATA	+
Aca1	EXPREG_00000ec0	1	0.00342403	0.287618	0.123017	23	TGAGGAACATTGTTCCTATTTTAT	TTAATGATAATGATTTTTATTTTA	+
Aca1	EXPREG_00000120	-2	0.00767571	0.64476	0.123017	16	TGAGGAACATTGTTCCTATTTTAT	AGGAACTAATGTTCTA	+
Aca1	EXPREG_000005c0	1	0.0105405	0.885403	0.123017	19	TGAGGAACATTGTTCCTATTTTAT	TCGGGGACTAATGGCCCTAG	+
Aca1	EXPREG_000007c0	5	0.0111858	0.939609	0.123017	24	TGAGGAACATTGTTCCTATTTTAT	AATTATAATGATAATTATTATCATTAATATT	+
Aca1	EXPREG_000013e0	2	0.0112861	0.948028	0.123017	20	TGAGGAACATTGTTCCTATTTTAT	AATAAGAACGTATGTTCGTTTT	+
Aca2	EXPREG_000009b0	-3	0.00359205	0.301732	0.301732	22	TTCAACGGTTCGCAATTGCGACCAT	CACCTATCAGATCTGCTAGCTGG	+
Aca2	EXPREG_00000200	-8	0.0114597	0.962615	0.322138	16	TTCAACGGTTCGCAATTGCGACCAT	TTAACGCTCCCGAAAC	+
Aca2	EXPREG_00000100	3	0.0115049	0.966413	0.322138	20	TTCAACGGTTCGCAATTGCGACCAT	ATTGCGAGCGATTCTCAATAGGG	+
Aca3	EXPREG_00000ff0	7	0.00443068	0.372177	0.133547	25	TGCTTCTGATAAATCATATTTTGAA	TTTATAAATTGTGATCTAAATCACATTTTTAT	+
Aca3	EXPREG_000010c0	-4	0.00459086	0.385632	0.133547	11	TGCTTCTGATAAATCATATTTTGAA	TCAGAATATTC	+
Aca3	EXPREG_000007c0	2	0.00642228	0.539471	0.133547	25	TGCTTCTGATAAATCATATTTTGAA	AATTATAATGATAATTATTATCATTAATATT	+
Aca3	EXPREG_00000e20	0	0.00697268	0.585705	0.133547	17	TGCTTCTGATAAATCATATTTTGAA	TTGTTATAATATAACAT	+
Aca3	EXPREG_000001b0	1	0.00794926	0.667738	0.133547	14	TGCTTCTGATAAATCATATTTTGAA	AATTTTCTGAAAATT	+
Aca3	EXPREG_00000ec0	1	0.00993263	0.834341	0.139057	23	TGCTTCTGATAAATCATATTTTGAA	TTAATGATAATGATTTTTATTTTA	+
Aca5	EXPREG_00000050	0	0.00708242	0.594923	0.401747	20	ATAATCAATTTTTGATTATA	TTGTTTAATTTTTGTTTAATT	+
Aca5	EXPREG_00000240	-5	0.0101254	0.850537	0.401747	14	ATAATCAATTTTTGATTATA	TATTTTTTGAAATT	+
Aca6	EXPREG_000016e0	0	0.000672754	0.0565114	0.0565114	15	ATGCGCACATTGTGCGCTTT	TGGCACGCTTTTTGC	+
Aca6	EXPREG_000009e0	0	0.00539318	0.453027	0.180607	18	ATGCGCACATTGTGCGCTTT	TGGCATGAATTTTGCATT	+
Aca6	EXPREG_00000130	3	0.0078684	0.660946	0.180607	19	ATGCGCACATTGTGCGCTTT	TTATTGATAATTATGTCAGTTT	+
Aca6	EXPREG_000014f0	1	0.00860032	0.722427	0.180607	18	ATGCGCACATTGTGCGCTTT	CATGTTCTCGTTATGTTCT	+
Aca7	EXPREG_00000670	0	0.0106047	0.890796	0.572543	25	TTGAAATGATAACTCAGTTATCATA	ATATAATACTAATTCATTTTAAATAATAATTAGTT	+
Aca9	EXPREG_00001610	1	0.00632469	0.531274	0.214789	13	TAACACCTGTCAGGTGAT	CAAACGCTTGTTTG	+
Aca9	EXPREG_000009b0	6	0.0076286	0.640803	0.214789	17	TAACACCTGTCAGGTGAT	CACCTATCAGATCTGCTAGCTGG	+
Aca9	EXPREG_000013e0	5	0.00767103	0.644367	0.214789	17	TAACACCTGTCAGGTGAT	AATAAGAACGTATGTTCGTTTT	+
AcrIIA1	EXPREG_000013e0	0	0.00883343	0.742008	0.380559	22	GACTACTACGATTATTCGTAGTATA	AATAAGAACGTATGTTCGTTTT	+
AcrIIA1	EXPREG_00000ec0	-1	0.0117271	0.985079	0.380559	24	GACTACTACGATTATTCGTAGTATA	TTAATGATAATGATTTTTATTTTA	+

# Tomtom (Motif Comparison Tool): Version 5.3.0 compiled on Nov 29 2020 at 21:56:17
# The format of this file is described at http://meme-suite.org/doc/tomtom-output-format.html.
# tomtom -no-ssc -oc . -verbosity 1 -min-overlap 5 -dist pearson -evalue -thresh 1.0 -norc S3C4.txt db/PROKARYOTE/collectf.meme
